taxa,variable,number_of_positive_tests ,effectsize,family
Prevotella 1,Lachnospiraceae-driven,3,-0.8351367875269365,Prevotellaceae
Prevotella 1,Prevotella-driven_High_BMI,4,0.9770512730084258,Prevotellaceae
Blautia 2,Lachnospiraceae-driven,3,0.35729009533780576,Lachnospiraceae
Blautia 2,Ruminococcaceae_&_Christensenellaceae_driven_Low_BMI,4,-0.4040005084087646,Lachnospiraceae
Alistipes 3,Ruminococcaceae_&_Christensenellaceae_driven_Low_BMI,3,0.4506326520036218,Rikenellaceae
Alistipes 3,Prevotella-driven_High_BMI,2,-0.7184641357574622,Rikenellaceae
Sporobacter 27,Lachnospiraceae-driven,2,0.3715256394998364,Ruminococcaceae
Sporobacter 27,Bacteroidaceae_driven,2,-0.3741208930243595,Ruminococcaceae
AB009176_g 25,Lachnospiraceae-driven,2,0.29776579201628334,Ruminococcaceae
AB009176_g 25,Bacteroidaceae_driven,2,-0.505369412286632,Ruminococcaceae
Faecalibacterium 6,Lachnospiraceae-driven,2,1.03279980341647,Ruminococcaceae
Faecalibacterium 6,Bacteroidaceae_driven,2,-1.895499218512728,Ruminococcaceae
Caproiciproducens 9,Lachnospiraceae-driven,3,-0.3347720615105905,Ruminococcaceae
Caproiciproducens 9,Bacteroidaceae_driven,4,0.47365201343207586,Ruminococcaceae
Odoribacter 1,Prevotella-driven_High_BMI,2,-0.48608289501664603,Odoribacteraceae
Eubacterium_g8 1,Lachnospiraceae-driven,2,-0.7100042148044731,Ruminococcaceae
Eubacterium_g8 1,Prevotella-driven_High_BMI,2,-0.950464681133231,Ruminococcaceae
Clostridium_g6 2,Lachnospiraceae-driven,3,-0.652290904982408,Erysipelotrichaceae
Clostridium_g6 2,Ruminococcaceae_&_Christensenellaceae_driven_Low_BMI,3,-0.49744993650288827,Erysipelotrichaceae
Clostridium_g6 2,Bacteroidaceae_driven,4,0.9742200139718691,Erysipelotrichaceae
Bacteroides 16,Ruminococcaceae_&_Christensenellaceae_driven_Low_BMI,2,-0.5594778795250018,Bacteroidaceae
Bacteroides 16,Bacteroidaceae_driven,4,0.7415636376527426,Bacteroidaceae
Bacteroides 16,Prevotella-driven_High_BMI,3,-0.9635365041917721,Bacteroidaceae
AB239481_g 2,Bacteroidaceae_driven,2,-0.4645682930955355,Christensenellaceae
AB239481_g 2,Prevotella-driven_High_BMI,2,-0.6342742224790568,Christensenellaceae
EU381776_g 2,Bacteroidaceae_driven,2,-0.2710360789566478,Mogibacterium_f
EU381776_g 2,Prevotella-driven_High_BMI,4,0.2636455425366776,Mogibacterium_f
Eubacterium_g7 1,Lachnospiraceae-driven,2,0.6966039069099712,Lachnospiraceae
Eubacterium_g7 1,Bacteroidaceae_driven,3,-1.5765116512242512,Lachnospiraceae
Prevotella 2,Lachnospiraceae-driven,3,-1.3438482807210472,Prevotellaceae
Prevotella 2,Bacteroidaceae_driven,2,-1.726635435711682,Prevotellaceae
Prevotella 2,Prevotella-driven_High_BMI,4,1.1148334440281586,Prevotellaceae
Alistipes 4,Lachnospiraceae-driven,3,-1.3712573788028857,Rikenellaceae
Alistipes 4,Ruminococcaceae_&_Christensenellaceae_driven_Low_BMI,3,2.463123858694295,Rikenellaceae
Alistipes 4,Bacteroidaceae_driven,2,-1.5090813471758049,Rikenellaceae
Alistipes 4,Prevotella-driven_High_BMI,2,-1.045268298624178,Rikenellaceae
Blautia 6,Bacteroidaceae_driven,2,-0.4806128972893843,Lachnospiraceae
Eisenbergiella 2,Lachnospiraceae-driven,4,0.5094237659382391,Lachnospiraceae
Lachnospira 2,Lachnospiraceae-driven,2,0.47405927032978795,Lachnospiraceae
Butyricicoccus 5,Lachnospiraceae-driven,2,-0.22685757767417541,Ruminococcaceae
Butyricicoccus 5,Bacteroidaceae_driven,3,0.5100962872315087,Ruminococcaceae
LARJ_g 3,Ruminococcaceae_&_Christensenellaceae_driven_Low_BMI,4,0.7540302054003949,Rhodospirillaceae
LARJ_g 3,Bacteroidaceae_driven,2,-0.6106323035623068,Rhodospirillaceae
LARJ_g 3,Prevotella-driven_High_BMI,2,-0.7359931905353004,Rhodospirillaceae
LARJ_g 2,Prevotella-driven_High_BMI,3,-1.666220850754863,Rhodospirillaceae
Ruminococcus 2,Ruminococcaceae_&_Christensenellaceae_driven_Low_BMI,2,-0.8733801420543991,Ruminococcaceae
FJ879347_g 1,Lachnospiraceae-driven,3,-0.27209436593011876,Mogibacterium_f
FJ879347_g 1,Ruminococcaceae_&_Christensenellaceae_driven_Low_BMI,2,-0.37966163378053724,Mogibacterium_f
FJ879347_g 1,Bacteroidaceae_driven,4,0.4232322485858063,Mogibacterium_f
Clostridium 3,Bacteroidaceae_driven,2,-1.0206233637976534,Clostridiaceae
Clostridium 3,Prevotella-driven_High_BMI,2,-1.1635173832108625,Clostridiaceae
Christensenella 2,Lachnospiraceae-driven,2,-0.3245923374420782,Christensenellaceae
Christensenella 2,Bacteroidaceae_driven,2,0.32135505920460894,Christensenellaceae
Bacteroides 20,Prevotella-driven_High_BMI,2,-0.5228964305430828,Bacteroidaceae
Alistipes 5,Ruminococcaceae_&_Christensenellaceae_driven_Low_BMI,4,0.7641916359502758,Rikenellaceae
Alistipes 5,Bacteroidaceae_driven,4,-0.9413785543222424,Rikenellaceae
Alistipes 5,Prevotella-driven_High_BMI,3,-0.9207162574700889,Rikenellaceae
AB185816_g 1,Lachnospiraceae-driven,2,0.40004851988281465,Ruminococcaceae
AB185816_g 1,Ruminococcaceae_&_Christensenellaceae_driven_Low_BMI,4,-0.44902632739334053,Ruminococcaceae
AB185816_g 1,Prevotella-driven_High_BMI,2,-0.4205064805387459,Ruminococcaceae
Alistipes 6,Prevotella-driven_High_BMI,2,-1.0663840325871083,Rikenellaceae
Oscillibacter 5,Ruminococcaceae_&_Christensenellaceae_driven_Low_BMI,4,0.955377790570139,Ruminococcaceae
Oscillibacter 5,Bacteroidaceae_driven,2,-0.8251196787259522,Ruminococcaceae
Faecalibacterium 3,Bacteroidaceae_driven,2,0.05634374477302997,Ruminococcaceae
AY305316_g 1,Ruminococcaceae_&_Christensenellaceae_driven_Low_BMI,2,-0.3480538524056768,Lachnospiraceae
Clostridium_g21 1,Ruminococcaceae_&_Christensenellaceae_driven_Low_BMI,2,-1.6605952492201292,Lachnospiraceae
Clostridium_g21 1,Bacteroidaceae_driven,4,1.4616709731637192,Lachnospiraceae
Clostridium_g21 1,Prevotella-driven_High_BMI,2,-1.3138309659950078,Lachnospiraceae
Gemella 2,Lachnospiraceae-driven,2,-0.33211595164142416,Gemella_f
Gemella 2,Ruminococcaceae_&_Christensenellaceae_driven_Low_BMI,2,-0.31509929810595844,Gemella_f
Gemella 2,Bacteroidaceae_driven,4,0.6067097916969776,Gemella_f
Oscillibacter 7,Lachnospiraceae-driven,2,-0.32378083649370687,Ruminococcaceae
Oscillibacter 7,Bacteroidaceae_driven,4,0.7524112801652306,Ruminococcaceae
Oscillibacter 7,Prevotella-driven_High_BMI,3,-0.8755753034566947,Ruminococcaceae
Fusicatenibacter 1,Lachnospiraceae-driven,3,0.3157926055319802,Lachnospiraceae
Fusicatenibacter 1,Bacteroidaceae_driven,2,-0.03879239334270341,Lachnospiraceae
Fusicatenibacter 1,Prevotella-driven_High_BMI,2,-0.38003967449077763,Lachnospiraceae
Subdoligranulum 3,Bacteroidaceae_driven,2,-0.46062898991119,Ruminococcaceae
Subdoligranulum 3,Prevotella-driven_High_BMI,2,-0.6584306206979753,Ruminococcaceae
AJ576336_g 1,Bacteroidaceae_driven,2,0.0642402249461467,Lachnospiraceae
Bacteroides 21,Lachnospiraceae-driven,2,0.5378503016291394,Bacteroidaceae
Bacteroides 21,Prevotella-driven_High_BMI,2,-1.313720469396398,Bacteroidaceae
LLKB_g 1,Lachnospiraceae-driven,3,0.7164700229216003,Lachnospiraceae
LLKB_g 1,Ruminococcaceae_&_Christensenellaceae_driven_Low_BMI,2,-0.5507933174616781,Lachnospiraceae
Alistipes 7,Bacteroidaceae_driven,3,0.5475710802165084,Rikenellaceae
Alistipes 7,Prevotella-driven_High_BMI,2,-0.8248667006501722,Rikenellaceae
Bacteroides 23,Bacteroidaceae_driven,2,-0.7995052196517017,Bacteroidaceae
Bacteroides 23,Prevotella-driven_High_BMI,2,-0.9604475502100622,Bacteroidaceae
Parasutterella 2,Lachnospiraceae-driven,2,-1.0157517613977947,Sutterellaceae
Parasutterella 2,Ruminococcaceae_&_Christensenellaceae_driven_Low_BMI,2,0.9692152569899939,Sutterellaceae
Parasutterella 2,Prevotella-driven_High_BMI,2,-0.6172553427756723,Sutterellaceae
Oscillibacter 6,Lachnospiraceae-driven,3,-2.2940905138343752,Ruminococcaceae
Oscillibacter 6,Ruminococcaceae_&_Christensenellaceae_driven_Low_BMI,4,2.4975616277151405,Ruminococcaceae
Oscillibacter 6,Bacteroidaceae_driven,3,-1.8294892089169643,Ruminococcaceae
Oscillibacter 6,Prevotella-driven_High_BMI,2,-1.1903050893171283,Ruminococcaceae
Bacteroides 3,Bacteroidaceae_driven,4,0.6075728643441126,Bacteroidaceae
Bacteroides 3,Prevotella-driven_High_BMI,2,-0.7491862794310157,Bacteroidaceae
Eubacterium_g17 1,Bacteroidaceae_driven,4,-0.9511074700416714,Lachnospiraceae
FR888536_g 1,Bacteroidaceae_driven,2,-1.3979456268827932,FR888536_f
FR888536_g 1,Prevotella-driven_High_BMI,2,-0.9487918747666825,FR888536_f
Coprococcus 2,Bacteroidaceae_driven,3,-2.483580692961526,Lachnospiraceae
HQ716403_g 1,Lachnospiraceae-driven,4,-1.0793030294492791,Christensenellaceae
HQ716403_g 1,Ruminococcaceae_&_Christensenellaceae_driven_Low_BMI,4,1.3994384929772383,Christensenellaceae
HQ716403_g 1,Bacteroidaceae_driven,3,-0.9191105849467293,Christensenellaceae
Sporobacter 3,Ruminococcaceae_&_Christensenellaceae_driven_Low_BMI,4,1.0453740466837889,Ruminococcaceae
Sporobacter 3,Bacteroidaceae_driven,3,-0.9418418704757605,Ruminococcaceae
Sporobacter 3,Prevotella-driven_High_BMI,3,-0.796102216535553,Ruminococcaceae
Blautia 7,Lachnospiraceae-driven,4,0.7745588275071261,Lachnospiraceae
Lachnospira 4,Prevotella-driven_High_BMI,2,-0.5306365202691656,Lachnospiraceae
Escherichia 1,Lachnospiraceae-driven,2,-0.9993237837236055,Enterobacteriaceae
Escherichia 1,Bacteroidaceae_driven,4,1.020659022223316,Enterobacteriaceae
Escherichia 1,Prevotella-driven_High_BMI,2,-1.0746803619835292,Enterobacteriaceae
Eubacterium_g20 1,Bacteroidaceae_driven,2,-0.6309476420346374,Lachnospiraceae
AB239481_g 3,Ruminococcaceae_&_Christensenellaceae_driven_Low_BMI,2,0.4782126675955502,Christensenellaceae
AB239481_g 3,Prevotella-driven_High_BMI,2,-0.7146337324333164,Christensenellaceae
EF401862_g 2,Lachnospiraceae-driven,2,-0.2974898589117493,Christensenellaceae
EF401862_g 2,Bacteroidaceae_driven,2,0.1117702310386859,Christensenellaceae
Barnesiella 1,Lachnospiraceae-driven,2,-1.0619499266335666,Porphyromonadaceae
Barnesiella 1,Prevotella-driven_High_BMI,2,-1.373820846682055,Porphyromonadaceae
CCMM_g 1,Lachnospiraceae-driven,4,0.6647298741837343,Erysipelotrichaceae
CCMM_g 1,Ruminococcaceae_&_Christensenellaceae_driven_Low_BMI,3,-0.6311308230406621,Erysipelotrichaceae
CCMM_g 1,Bacteroidaceae_driven,2,-0.4183003273715143,Erysipelotrichaceae
Anaerostipes 2,Prevotella-driven_High_BMI,2,-0.5259098029985668,Lachnospiraceae
GQ896819_g 1,Lachnospiraceae-driven,2,-0.5565365109719626,Ruminococcaceae
GQ896819_g 1,Ruminococcaceae_&_Christensenellaceae_driven_Low_BMI,4,1.2311154828918036,Ruminococcaceae
GQ896819_g 1,Bacteroidaceae_driven,3,-1.1191551442735816,Ruminococcaceae
GQ896819_g 1,Prevotella-driven_High_BMI,2,-0.6487933325328048,Ruminococcaceae
Caproiciproducens 1,Bacteroidaceae_driven,2,-0.44573720453052645,Ruminococcaceae
Subdoligranulum 1,Lachnospiraceae-driven,2,0.15598342729433354,Ruminococcaceae
Subdoligranulum 1,Prevotella-driven_High_BMI,2,-0.7601894216914358,Ruminococcaceae
Sporobacter 4,Lachnospiraceae-driven,3,-1.268532708308896,Ruminococcaceae
Sporobacter 4,Ruminococcaceae_&_Christensenellaceae_driven_Low_BMI,4,1.7753545406572087,Ruminococcaceae
Sporobacter 4,Bacteroidaceae_driven,3,-1.7694310280915089,Ruminococcaceae
Sporobacter 4,Prevotella-driven_High_BMI,2,-1.3842544380201882,Ruminococcaceae
EU842423_g 1,Ruminococcaceae_&_Christensenellaceae_driven_Low_BMI,2,0.4264086513115654,Lachnospiraceae
EU842423_g 1,Bacteroidaceae_driven,2,-0.8555185832873096,Lachnospiraceae
Blautia 8,Lachnospiraceae-driven,3,1.1669536134597271,Lachnospiraceae
Blautia 8,Ruminococcaceae_&_Christensenellaceae_driven_Low_BMI,2,-0.8675494761406516,Lachnospiraceae
Blautia 8,Bacteroidaceae_driven,2,-2.235217802738055,Lachnospiraceae
Barnesiella 3,Prevotella-driven_High_BMI,2,-0.9634007291373176,Porphyromonadaceae
Murimonas 1,Lachnospiraceae-driven,3,0.4403853671866062,Lachnospiraceae
Murimonas 1,Bacteroidaceae_driven,3,-0.5164905054467839,Lachnospiraceae
AB239481_g 1,Ruminococcaceae_&_Christensenellaceae_driven_Low_BMI,4,0.8157519080605273,Christensenellaceae
AB239481_g 1,Bacteroidaceae_driven,3,-1.2365747841667172,Christensenellaceae
AB239481_g 1,Prevotella-driven_High_BMI,2,-1.3331279373142784,Christensenellaceae
Terrisporobacter 1,Ruminococcaceae_&_Christensenellaceae_driven_Low_BMI,3,0.6103063845945996,Peptostreptococcaceae
Terrisporobacter 1,Bacteroidaceae_driven,3,-1.4761789471182318,Peptostreptococcaceae
LARJ_g 4,Ruminococcaceae_&_Christensenellaceae_driven_Low_BMI,2,-1.0768375886929424,Rhodospirillaceae
Eubacterium_g23 2,Ruminococcaceae_&_Christensenellaceae_driven_Low_BMI,2,0.4867277748933052,Ruminococcaceae
Sporobacter 5,Ruminococcaceae_&_Christensenellaceae_driven_Low_BMI,2,0.41914954705158153,Ruminococcaceae
Sporobacter 5,Bacteroidaceae_driven,3,-0.7930271213557178,Ruminococcaceae
Sporobacter 5,Prevotella-driven_High_BMI,2,-0.5747821283127142,Ruminococcaceae
Desulfovibrio 1,Prevotella-driven_High_BMI,2,-1.1648467891871548,Desulfovibrionaceae
Oscillibacter 8,Lachnospiraceae-driven,2,0.49741588734455516,Ruminococcaceae
Oscillibacter 8,Prevotella-driven_High_BMI,2,-0.5420091210483219,Ruminococcaceae
Clostridium_g24 3,Ruminococcaceae_&_Christensenellaceae_driven_Low_BMI,2,-0.696357968601499,Lachnospiraceae
Clostridium_g24 3,Bacteroidaceae_driven,4,0.9239524141532592,Lachnospiraceae
GQ422712_g 1,Lachnospiraceae-driven,3,-1.555817838505228,Christensenellaceae
GQ422712_g 1,Ruminococcaceae_&_Christensenellaceae_driven_Low_BMI,4,2.18506805874807,Christensenellaceae
GQ422712_g 1,Bacteroidaceae_driven,2,-1.5580815962857817,Christensenellaceae
Romboutsia 1,Prevotella-driven_High_BMI,2,-0.7084142714767854,Peptostreptococcaceae
Coprococcus 3,Lachnospiraceae-driven,2,0.47205996329128125,Lachnospiraceae
Coprococcus 3,Bacteroidaceae_driven,2,-0.7101679282869859,Lachnospiraceae
Eubacterium_g8 2,Ruminococcaceae_&_Christensenellaceae_driven_Low_BMI,2,0.5966793631442849,Ruminococcaceae
Eubacterium_g8 2,Bacteroidaceae_driven,3,-1.5086915209117866,Ruminococcaceae
Eubacterium_g8 2,Prevotella-driven_High_BMI,2,-1.393288869047149,Ruminococcaceae
Barnesiella 4,Lachnospiraceae-driven,3,-0.5886460135772132,Porphyromonadaceae
Barnesiella 4,Ruminococcaceae_&_Christensenellaceae_driven_Low_BMI,2,0.8158659593822885,Porphyromonadaceae
Coprobacter 1,Prevotella-driven_High_BMI,2,-0.6377153896499468,Porphyromonadaceae
Oscillibacter 9,Lachnospiraceae-driven,2,0.6145627524298882,Ruminococcaceae
Oscillibacter 9,Prevotella-driven_High_BMI,2,-0.8096947509927939,Ruminococcaceae
Lachnospira 5,Lachnospiraceae-driven,3,0.6666756222424137,Lachnospiraceae
Lachnospira 5,Bacteroidaceae_driven,3,-0.817480469883794,Lachnospiraceae
Bacteroides 1,Bacteroidaceae_driven,3,0.4646531581670363,Bacteroidaceae
Bacteroides 1,Prevotella-driven_High_BMI,2,-0.6759866903788291,Bacteroidaceae
Bacteroides 4,Ruminococcaceae_&_Christensenellaceae_driven_Low_BMI,2,-1.1300588221697911,Bacteroidaceae
Bacteroides 4,Bacteroidaceae_driven,4,0.808011162721076,Bacteroidaceae
Bacteroides 4,Prevotella-driven_High_BMI,2,-1.3139232196642208,Bacteroidaceae
Eubacterium_g21 1,Lachnospiraceae-driven,2,0.372148286598255,Lachnospiraceae
Bifidobacterium 4,Bacteroidaceae_driven,2,0.4636815307653082,Bifidobacteriaceae
Butyrivibrio_g1 2,Bacteroidaceae_driven,2,-1.7987618883500465,Lachnospiraceae
HM123979_g 1,Lachnospiraceae-driven,3,0.5625539280214509,Lachnospiraceae
AY305316_g 2,Lachnospiraceae-driven,2,0.45998488129288145,Lachnospiraceae
Pseudoflavonifractor 1,Lachnospiraceae-driven,3,-0.4388154442738811,Ruminococcaceae
Pseudoflavonifractor 1,Bacteroidaceae_driven,3,0.385472692422713,Ruminococcaceae
Pseudoflavonifractor 1,Prevotella-driven_High_BMI,2,-0.6550237984034136,Ruminococcaceae
Phascolarctobacterium 1,Bacteroidaceae_driven,4,0.6088674227036789,Acidaminococcaceae
Phascolarctobacterium 1,Prevotella-driven_High_BMI,2,-0.6810068650269907,Acidaminococcaceae
AB009176_g 1,Lachnospiraceae-driven,3,-1.2309911967572997,Ruminococcaceae
AB009176_g 1,Ruminococcaceae_&_Christensenellaceae_driven_Low_BMI,4,1.614843045691764,Ruminococcaceae
AB009176_g 1,Bacteroidaceae_driven,2,-1.620786086373062,Ruminococcaceae
AB009176_g 1,Prevotella-driven_High_BMI,2,-1.1537377961604787,Ruminococcaceae
Victivallis 1,Ruminococcaceae_&_Christensenellaceae_driven_Low_BMI,3,0.9630091799179791,Victivallaceae
Victivallis 1,Bacteroidaceae_driven,3,-0.9978382238853963,Victivallaceae
Pasteurellaceae 1,Bacteroidaceae_driven,2,-0.4765037763807562,Pasteurellaceae
Holdemanella 1,Bacteroidaceae_driven,3,-1.58787411517399,Erysipelotrichaceae
Holdemanella 1,Prevotella-driven_High_BMI,2,0.5355942372566092,Erysipelotrichaceae
Oscillibacter 11,Bacteroidaceae_driven,2,-1.0690301048951147,Ruminococcaceae
Oscillibacter 11,Prevotella-driven_High_BMI,2,-0.9278612201719517,Ruminococcaceae
LLKB_g 2,Lachnospiraceae-driven,4,1.196444872630774,Lachnospiraceae
LLKB_g 2,Ruminococcaceae_&_Christensenellaceae_driven_Low_BMI,2,-0.45192403564048594,Lachnospiraceae
LLKB_g 2,Bacteroidaceae_driven,2,-0.5507599110326096,Lachnospiraceae
LLKB_g 2,Prevotella-driven_High_BMI,2,-0.7265924646986721,Lachnospiraceae
Butyricicoccus 2,Ruminococcaceae_&_Christensenellaceae_driven_Low_BMI,2,-0.45415996187875585,Ruminococcaceae
Butyricicoccus 2,Prevotella-driven_High_BMI,2,-0.44413985767635794,Ruminococcaceae
Sporobacter 6,Lachnospiraceae-driven,2,0.5630416331182231,Ruminococcaceae
Sporobacter 6,Prevotella-driven_High_BMI,2,-0.7701807621263963,Ruminococcaceae
Bacteroides 6,Prevotella-driven_High_BMI,2,-0.6042828566670708,Bacteroidaceae
Pseudoflavonifractor 3,Lachnospiraceae-driven,3,-0.9515569016232464,Ruminococcaceae
Pseudoflavonifractor 3,Ruminococcaceae_&_Christensenellaceae_driven_Low_BMI,3,-1.1984922566484293,Ruminococcaceae
Pseudoflavonifractor 3,Bacteroidaceae_driven,4,1.4657851760686365,Ruminococcaceae
Pseudoflavonifractor 3,Prevotella-driven_High_BMI,2,-0.8080482996447707,Ruminococcaceae
Paraprevotella 2,Prevotella-driven_High_BMI,2,-0.852758461532826,Prevotellaceae
Caproiciproducens 2,Lachnospiraceae-driven,2,0.497270715869695,Ruminococcaceae
Caproiciproducens 2,Bacteroidaceae_driven,2,-1.1074712207797828,Ruminococcaceae
HQ716403_g 2,Lachnospiraceae-driven,3,-1.0864125876367436,Christensenellaceae
HQ716403_g 2,Ruminococcaceae_&_Christensenellaceae_driven_Low_BMI,4,2.015958324018791,Christensenellaceae
HQ716403_g 2,Bacteroidaceae_driven,3,-1.5588096999957113,Christensenellaceae
HQ716403_g 2,Prevotella-driven_High_BMI,2,-1.2895240992778934,Christensenellaceae
Oscillibacter 10,Lachnospiraceae-driven,3,-0.9957928448214619,Ruminococcaceae
Oscillibacter 10,Ruminococcaceae_&_Christensenellaceae_driven_Low_BMI,3,1.2690598625378564,Ruminococcaceae
Oscillibacter 10,Bacteroidaceae_driven,2,-1.4901254258789842,Ruminococcaceae
Oscillibacter 10,Prevotella-driven_High_BMI,2,-0.8454869313790873,Ruminococcaceae
Bacteroides 5,Prevotella-driven_High_BMI,2,-0.8167066081503291,Bacteroidaceae
Anaerofilum 1,Lachnospiraceae-driven,3,-0.8781467011579408,Ruminococcaceae
Anaerofilum 1,Bacteroidaceae_driven,3,0.848868069545466,Ruminococcaceae
Anaerofilum 1,Prevotella-driven_High_BMI,2,-0.6525516357783306,Ruminococcaceae
Sporobacter 7,Lachnospiraceae-driven,3,-0.8936377442706332,Ruminococcaceae
Sporobacter 7,Ruminococcaceae_&_Christensenellaceae_driven_Low_BMI,4,1.266933270936391,Ruminococcaceae
Sporobacter 7,Bacteroidaceae_driven,3,-0.9208165386591403,Ruminococcaceae
Sporobacter 7,Prevotella-driven_High_BMI,2,-0.7430426425148305,Ruminococcaceae
DQ057459_g 2,Bacteroidaceae_driven,2,-1.250790663520326,Lachnospiraceae
Murimonas 2,Ruminococcaceae_&_Christensenellaceae_driven_Low_BMI,2,0.3311696882866735,Lachnospiraceae
Murimonas 2,Bacteroidaceae_driven,4,-0.6224261385194211,Lachnospiraceae
Blautia 3,Lachnospiraceae-driven,3,0.5534765144697942,Lachnospiraceae
Blautia 3,Bacteroidaceae_driven,2,-0.33909285314578314,Lachnospiraceae
Blautia 3,Prevotella-driven_High_BMI,2,-0.38233945049861046,Lachnospiraceae
Butyricicoccus 3,Bacteroidaceae_driven,3,-0.6242391150067582,Ruminococcaceae
Butyricicoccus 3,Prevotella-driven_High_BMI,2,-0.4300801500339877,Ruminococcaceae
Coprobacter 2,Prevotella-driven_High_BMI,2,-0.7155908384512041,Porphyromonadaceae
Eubacterium_g5 3,Ruminococcaceae_&_Christensenellaceae_driven_Low_BMI,2,-0.5190072272408764,Lachnospiraceae
Ruminococcus 6,Lachnospiraceae-driven,2,0.4673529145680868,Ruminococcaceae
Ruminococcus 6,Bacteroidaceae_driven,2,-1.0747946534404313,Ruminococcaceae
Parasutterella 1,Bacteroidaceae_driven,4,0.6981259353648078,Sutterellaceae
Parasutterella 1,Prevotella-driven_High_BMI,3,-0.9777375613019733,Sutterellaceae
HQ716403_g 3,Lachnospiraceae-driven,4,-1.0952781965895135,Christensenellaceae
HQ716403_g 3,Ruminococcaceae_&_Christensenellaceae_driven_Low_BMI,4,1.5823603219799625,Christensenellaceae
HQ716403_g 3,Bacteroidaceae_driven,3,-0.8852590572865584,Christensenellaceae
HQ716403_g 3,Prevotella-driven_High_BMI,3,-1.223021527587163,Christensenellaceae
Senegalemassilia 1,Prevotella-driven_High_BMI,2,-0.7945589430167573,Coriobacteriaceae
EU457907_g 1,Lachnospiraceae-driven,2,0.30839303451312555,Lachnospiraceae
Pseudoflavonifractor 2,Bacteroidaceae_driven,2,-0.6459099456319456,Ruminococcaceae
JN713389_g 1,Lachnospiraceae-driven,2,-0.8394317741792757,Ruminococcaceae
JN713389_g 1,Ruminococcaceae_&_Christensenellaceae_driven_Low_BMI,2,1.101327609776293,Ruminococcaceae
JN713389_g 1,Bacteroidaceae_driven,2,-1.0989824439118954,Ruminococcaceae
FJ367735_g 1,Ruminococcaceae_&_Christensenellaceae_driven_Low_BMI,2,0.7108813003807811,FJ367735_f
FJ367735_g 1,Bacteroidaceae_driven,2,-1.263462267263715,FJ367735_f
Alistipes 11,Prevotella-driven_High_BMI,2,-0.9808184430133563,Rikenellaceae
HM124244_g 1,Lachnospiraceae-driven,2,-0.6083258839777628,Christensenellaceae
HM124244_g 1,Ruminococcaceae_&_Christensenellaceae_driven_Low_BMI,4,1.2511624243693633,Christensenellaceae
HM124244_g 1,Bacteroidaceae_driven,2,-1.1912593568245744,Christensenellaceae
HM124244_g 1,Prevotella-driven_High_BMI,2,-1.2597002520358476,Christensenellaceae
EU358717_g 1,Lachnospiraceae-driven,2,-0.519929323995026,Lachnospiraceae
EU358717_g 1,Ruminococcaceae_&_Christensenellaceae_driven_Low_BMI,2,0.9108635534431033,Lachnospiraceae
EU358717_g 1,Bacteroidaceae_driven,2,-1.2919386574222944,Lachnospiraceae
EU358717_g 1,Prevotella-driven_High_BMI,2,-0.6137087732458117,Lachnospiraceae
Clostridium_g24 4,Lachnospiraceae-driven,3,-1.4797557788682594,Lachnospiraceae
Clostridium_g24 4,Ruminococcaceae_&_Christensenellaceae_driven_Low_BMI,3,-1.219323609351265,Lachnospiraceae
Clostridium_g24 4,Bacteroidaceae_driven,4,1.8327601885213214,Lachnospiraceae
Clostridium_g24 4,Prevotella-driven_High_BMI,2,-1.2686586548703938,Lachnospiraceae
Parabacteroides 1,Ruminococcaceae_&_Christensenellaceae_driven_Low_BMI,2,-0.4693734265693605,Porphyromonadaceae
Parabacteroides 1,Bacteroidaceae_driven,3,0.6263496387568354,Porphyromonadaceae
Parabacteroides 1,Prevotella-driven_High_BMI,2,-0.6573185965885833,Porphyromonadaceae
Bacteroides 31,Lachnospiraceae-driven,3,-0.9474125607654806,Bacteroidaceae
Bacteroides 31,Bacteroidaceae_driven,2,0.44758871271456174,Bacteroidaceae
Turicibacter 2,Ruminococcaceae_&_Christensenellaceae_driven_Low_BMI,2,0.44758549973464307,Erysipelotrichaceae
Turicibacter 2,Prevotella-driven_High_BMI,2,-0.9667113139203036,Erysipelotrichaceae
KE159538_g 3,Prevotella-driven_High_BMI,2,-0.8341514895284033,Lachnospiraceae
FJ440089_g 1,Lachnospiraceae-driven,2,-1.0717736565366853,Prevotellaceae
FJ440089_g 1,Ruminococcaceae_&_Christensenellaceae_driven_Low_BMI,2,1.1379967458837013,Prevotellaceae
FJ440089_g 1,Bacteroidaceae_driven,2,-0.7340663400741462,Prevotellaceae
FJ440089_g 1,Prevotella-driven_High_BMI,2,-0.6231446670779648,Prevotellaceae
Prevotella 5,Lachnospiraceae-driven,2,-1.7560475735890946,Prevotellaceae
Prevotella 5,Ruminococcaceae_&_Christensenellaceae_driven_Low_BMI,2,-1.3297827488109286,Prevotellaceae
Prevotella 5,Prevotella-driven_High_BMI,4,1.2589491010998228,Prevotellaceae
Bacteroides 34,Ruminococcaceae_&_Christensenellaceae_driven_Low_BMI,3,-0.9953512884146885,Bacteroidaceae
Bacteroides 34,Bacteroidaceae_driven,3,0.8327077478599194,Bacteroidaceae
Bacteroides 34,Prevotella-driven_High_BMI,2,-0.9268466205780023,Bacteroidaceae
Eubacterium_g17 2,Lachnospiraceae-driven,2,0.63235096905934,Lachnospiraceae
Eubacterium_g17 2,Bacteroidaceae_driven,2,-0.7234097003170833,Lachnospiraceae
Lachnospiraceae 2,Lachnospiraceae-driven,2,0.5318652339900521,Lachnospiraceae
Lachnospiraceae 2,Bacteroidaceae_driven,3,-0.5560906572597079,Lachnospiraceae
Faecalibacterium 1,Bacteroidaceae_driven,2,0.24497619102380305,Ruminococcaceae
Faecalibacterium 1,Prevotella-driven_High_BMI,2,-0.3940150643028769,Ruminococcaceae
Prevotella 4,Ruminococcaceae_&_Christensenellaceae_driven_Low_BMI,2,0.8599323797434961,Prevotellaceae
Prevotella 4,Bacteroidaceae_driven,2,-1.9079417619654624,Prevotellaceae
Clostridium_g8 1,Ruminococcaceae_&_Christensenellaceae_driven_Low_BMI,2,-0.555178967906539,Lachnospiraceae
Clostridium_g8 1,Prevotella-driven_High_BMI,2,-1.1324268768400423,Lachnospiraceae
Blautia 5,Lachnospiraceae-driven,3,-1.727653183270504,Lachnospiraceae
Blautia 5,Ruminococcaceae_&_Christensenellaceae_driven_Low_BMI,3,-1.6301108186864395,Lachnospiraceae
Blautia 5,Bacteroidaceae_driven,4,2.2114131123239633,Lachnospiraceae
Blautia 5,Prevotella-driven_High_BMI,2,-0.9261305123467757,Lachnospiraceae
KE159538_g 4,Bacteroidaceae_driven,2,-0.9188865788092584,Lachnospiraceae
JN713389_g 2,Lachnospiraceae-driven,2,-0.6083307474398844,Ruminococcaceae
JN713389_g 2,Ruminococcaceae_&_Christensenellaceae_driven_Low_BMI,2,1.0123835141719637,Ruminococcaceae
JN713389_g 2,Prevotella-driven_High_BMI,2,-0.8806692091596209,Ruminococcaceae
Oscillibacter 12,Ruminococcaceae_&_Christensenellaceae_driven_Low_BMI,2,0.4110887549419324,Ruminococcaceae
Oscillibacter 12,Prevotella-driven_High_BMI,2,-0.5455553885589264,Ruminococcaceae
LLKB_g 3,Lachnospiraceae-driven,2,0.41243934005416844,Lachnospiraceae
EU464362_g 1,Lachnospiraceae-driven,3,-1.0852755054210217,EU464362_f
EU464362_g 1,Ruminococcaceae_&_Christensenellaceae_driven_Low_BMI,2,1.3446082617406185,EU464362_f
EU464362_g 1,Bacteroidaceae_driven,2,-1.22668845489399,EU464362_f
Alistipes 12,Ruminococcaceae_&_Christensenellaceae_driven_Low_BMI,2,0.4641880683305871,Rikenellaceae
Alistipes 12,Prevotella-driven_High_BMI,3,-0.9367529841515364,Rikenellaceae
FR888536_g 3,Ruminococcaceae_&_Christensenellaceae_driven_Low_BMI,2,0.7210481162321146,FR888536_f
FR888536_g 3,Bacteroidaceae_driven,2,-1.146593082687469,FR888536_f
DQ905324_g 1,Lachnospiraceae-driven,2,0.4814103820375258,Coriobacteriaceae
DQ905324_g 1,Bacteroidaceae_driven,2,-0.7168418815969523,Coriobacteriaceae
DQ905324_g 1,Prevotella-driven_High_BMI,2,-0.4518574843326018,Coriobacteriaceae
Pseudoflavonifractor 4,Lachnospiraceae-driven,4,-0.7823149187522412,Ruminococcaceae
Pseudoflavonifractor 4,Ruminococcaceae_&_Christensenellaceae_driven_Low_BMI,4,1.140565206230227,Ruminococcaceae
Pseudoflavonifractor 4,Bacteroidaceae_driven,2,-0.6094026333299876,Ruminococcaceae
Pseudoflavonifractor 4,Prevotella-driven_High_BMI,2,-0.47109543032632917,Ruminococcaceae
Clostridium_g24 5,Lachnospiraceae-driven,3,-0.7705761092006597,Lachnospiraceae
Clostridium_g24 5,Ruminococcaceae_&_Christensenellaceae_driven_Low_BMI,3,-1.5740304672783296,Lachnospiraceae
Clostridium_g24 5,Bacteroidaceae_driven,4,1.6468116853493413,Lachnospiraceae
Butyricimonas 1,Prevotella-driven_High_BMI,2,-0.5603260612092976,Odoribacteraceae
DQ815907_g 1,Lachnospiraceae-driven,2,-0.4097343458729734,Desulfovibrionaceae
DQ815907_g 1,Prevotella-driven_High_BMI,2,-0.49778196202143504,Desulfovibrionaceae
AB009176_g 2,Ruminococcaceae_&_Christensenellaceae_driven_Low_BMI,4,1.004838759997258,Ruminococcaceae
AB009176_g 2,Bacteroidaceae_driven,2,-1.0126123919633474,Ruminococcaceae
AB009176_g 2,Prevotella-driven_High_BMI,2,-1.1949930597277094,Ruminococcaceae
JN713389_g 3,Bacteroidaceae_driven,2,-0.4783077260200025,Ruminococcaceae
Lachnospiraceae 3,Bacteroidaceae_driven,4,-1.1426713763588952,Lachnospiraceae
Oxalobacter 1,Ruminococcaceae_&_Christensenellaceae_driven_Low_BMI,4,1.0055880197975857,Oxalobacteraceae
Oxalobacter 1,Bacteroidaceae_driven,3,-0.9378962193874406,Oxalobacteraceae
Oxalobacter 1,Prevotella-driven_High_BMI,3,-0.8326441874997375,Oxalobacteraceae
AM277970_g 1,Bacteroidaceae_driven,2,-0.43853334056931814,Coriobacteriaceae
Butyricimonas 2,Prevotella-driven_High_BMI,2,-0.5299744692072629,Odoribacteraceae
Eubacterium_g17 3,Ruminococcaceae_&_Christensenellaceae_driven_Low_BMI,3,0.76698922624959,Lachnospiraceae
Eubacterium_g17 3,Bacteroidaceae_driven,2,-0.8547563090045672,Lachnospiraceae
Dorea 1,Lachnospiraceae-driven,3,0.2654847494407211,Lachnospiraceae
Dorea 1,Bacteroidaceae_driven,2,-0.0891381543552578,Lachnospiraceae
Oscillibacter 14,Bacteroidaceae_driven,2,-1.4724441381886375,Ruminococcaceae
JN713389_g 5,Lachnospiraceae-driven,3,-1.0105549677289682,Ruminococcaceae
JN713389_g 5,Ruminococcaceae_&_Christensenellaceae_driven_Low_BMI,4,1.7617248350061672,Ruminococcaceae
Bacteroides 9,Ruminococcaceae_&_Christensenellaceae_driven_Low_BMI,2,-0.728327837391915,Bacteroidaceae
Bacteroides 9,Bacteroidaceae_driven,2,-0.9486051194848713,Bacteroidaceae
Bacteroides 9,Prevotella-driven_High_BMI,2,-0.8263242572704171,Bacteroidaceae
HM123979_g 3,Bacteroidaceae_driven,4,-0.8898322903643991,Lachnospiraceae
Sporobacter 8,Lachnospiraceae-driven,3,-1.471083047802814,Ruminococcaceae
Sporobacter 8,Ruminococcaceae_&_Christensenellaceae_driven_Low_BMI,4,1.5640011844690485,Ruminococcaceae
Sporobacter 8,Bacteroidaceae_driven,2,-1.34663913474787,Ruminococcaceae
Murimonas 3,Bacteroidaceae_driven,2,-0.5528055961726083,Lachnospiraceae
Veillonella 2,Bacteroidaceae_driven,2,-0.40681195046101637,Veillonellaceae
Pseudoflavonifractor 5,Lachnospiraceae-driven,2,-0.44664992142878784,Ruminococcaceae
Pseudoflavonifractor 5,Ruminococcaceae_&_Christensenellaceae_driven_Low_BMI,3,-0.7807548044988034,Ruminococcaceae
Pseudoflavonifractor 5,Bacteroidaceae_driven,4,0.7899919901616376,Ruminococcaceae
Eubacterium_g23 5,Lachnospiraceae-driven,2,0.41691297393296584,Ruminococcaceae
JN713389_g 6,Bacteroidaceae_driven,2,-1.4665446728188312,Ruminococcaceae
Caproiciproducens 3,Bacteroidaceae_driven,3,0.5202723273105024,Ruminococcaceae
Oscillibacter 1,Ruminococcaceae_&_Christensenellaceae_driven_Low_BMI,3,0.5197087538050251,Ruminococcaceae
Oscillibacter 1,Bacteroidaceae_driven,3,-0.6047983183317461,Ruminococcaceae
Oscillibacter 1,Prevotella-driven_High_BMI,2,-0.5144556635395622,Ruminococcaceae
LLKB_g 4,Lachnospiraceae-driven,2,0.5039376094139097,Lachnospiraceae
LLKB_g 4,Bacteroidaceae_driven,2,-0.7723569702897602,Lachnospiraceae
Sporobacter 11,Ruminococcaceae_&_Christensenellaceae_driven_Low_BMI,2,0.6423036318430738,Ruminococcaceae
Sporobacter 11,Bacteroidaceae_driven,2,-1.190362472280574,Ruminococcaceae
Sporobacter 11,Prevotella-driven_High_BMI,2,-0.5374277065300888,Ruminococcaceae
EF406589_g 1,Lachnospiraceae-driven,2,0.43682446876797726,Lachnospiraceae
EF406589_g 1,Bacteroidaceae_driven,3,-0.6311652102814204,Lachnospiraceae
DQ815907_g 2,Prevotella-driven_High_BMI,2,-0.9009447775394575,Desulfovibrionaceae
Clostridium_g7 2,Lachnospiraceae-driven,2,-1.2602024773551044,Lachnospiraceae
Clostridium_g7 2,Ruminococcaceae_&_Christensenellaceae_driven_Low_BMI,2,-1.2493567949466977,Lachnospiraceae
Clostridium_g7 2,Bacteroidaceae_driven,4,1.8867673282767892,Lachnospiraceae
Caproiciproducens 4,Bacteroidaceae_driven,2,0.5709924641234445,Ruminococcaceae
Caproiciproducens 4,Prevotella-driven_High_BMI,2,-0.6709280661875585,Ruminococcaceae
Sporobacter 10,Lachnospiraceae-driven,3,-0.7601731019715219,Ruminococcaceae
Sporobacter 10,Ruminococcaceae_&_Christensenellaceae_driven_Low_BMI,2,0.5912111632144155,Ruminococcaceae
Sporobacter 10,Bacteroidaceae_driven,2,0.29266675028574135,Ruminococcaceae
Sporobacter 10,Prevotella-driven_High_BMI,2,-0.5846899018853781,Ruminococcaceae
Streptococcus 3,Ruminococcaceae_&_Christensenellaceae_driven_Low_BMI,2,-0.523204532081459,Streptococcaceae
Streptococcus 3,Bacteroidaceae_driven,4,0.8941011809871063,Streptococcaceae
Streptococcus 3,Prevotella-driven_High_BMI,2,-0.6219705950235388,Streptococcaceae
Faecalibacterium 2,Bacteroidaceae_driven,3,-0.48953728619110737,Ruminococcaceae
Sporobacter 1,Ruminococcaceae_&_Christensenellaceae_driven_Low_BMI,2,0.9828615019130867,Ruminococcaceae
Sporobacter 1,Bacteroidaceae_driven,3,-1.0873669840476203,Ruminococcaceae
Sporobacter 1,Prevotella-driven_High_BMI,2,-0.7876545389470968,Ruminococcaceae
Bacteroidetes 1,Lachnospiraceae-driven,3,-1.376628234407841,
Bacteroidetes 1,Ruminococcaceae_&_Christensenellaceae_driven_Low_BMI,4,1.8322945821989152,
Bacteroidetes 1,Bacteroidaceae_driven,2,-1.3733087407766007,
Bacteroidetes 1,Prevotella-driven_High_BMI,2,-0.7884479201926091,
Sporobacter 12,Lachnospiraceae-driven,3,-0.8402248646587261,Ruminococcaceae
Sporobacter 12,Prevotella-driven_High_BMI,2,-0.6821390374941877,Ruminococcaceae
AB185535_g 1,Lachnospiraceae-driven,3,-1.0338161932985597,AB185535_f
AB185535_g 1,Ruminococcaceae_&_Christensenellaceae_driven_Low_BMI,4,1.6088540050420832,AB185535_f
AB185535_g 1,Bacteroidaceae_driven,2,-0.7458548039721511,AB185535_f
Pseudoflavonifractor 6,Lachnospiraceae-driven,3,-0.974362253774615,Ruminococcaceae
Pseudoflavonifractor 6,Bacteroidaceae_driven,2,0.48432351254927847,Ruminococcaceae
Pseudoflavonifractor 6,Prevotella-driven_High_BMI,2,-0.5164752181824213,Ruminococcaceae
Prevotella 6,Lachnospiraceae-driven,2,-2.2997441322915733,Prevotellaceae
AB239481_g 6,Lachnospiraceae-driven,3,-1.0608174035807458,Christensenellaceae
AB239481_g 6,Ruminococcaceae_&_Christensenellaceae_driven_Low_BMI,2,0.6428247158997893,Christensenellaceae
Eubacterium_g23 7,Prevotella-driven_High_BMI,2,-1.0208494596127,Ruminococcaceae
Blautia 12,Ruminococcaceae_&_Christensenellaceae_driven_Low_BMI,2,0.43604004645475347,Lachnospiraceae
Blautia 12,Bacteroidaceae_driven,2,-0.3608496265851089,Lachnospiraceae
Sporobacter 9,Ruminococcaceae_&_Christensenellaceae_driven_Low_BMI,2,0.7833150079142617,Ruminococcaceae
Roseburia 1,Lachnospiraceae-driven,2,0.5778373047475489,Lachnospiraceae
Roseburia 1,Ruminococcaceae_&_Christensenellaceae_driven_Low_BMI,4,-0.5627804445988545,Lachnospiraceae
AM277063_g 1,Lachnospiraceae-driven,2,0.706452761886667,Coriobacteriaceae
AM277063_g 1,Bacteroidaceae_driven,2,-0.8309064397179153,Coriobacteriaceae
AM277063_g 1,Prevotella-driven_High_BMI,2,-0.6990192301821121,Coriobacteriaceae
Subdoligranulum 5,Lachnospiraceae-driven,3,-0.6736558066087935,Ruminococcaceae
Subdoligranulum 5,Ruminococcaceae_&_Christensenellaceae_driven_Low_BMI,2,0.588660980687992,Ruminococcaceae
AY305316_g 4,Prevotella-driven_High_BMI,2,-0.39934347135114484,Lachnospiraceae
Roseburia 2,Bacteroidaceae_driven,2,0.3709850571126582,Lachnospiraceae
Alistipes 13,Lachnospiraceae-driven,2,-0.8147867675722917,Rikenellaceae
Alistipes 13,Ruminococcaceae_&_Christensenellaceae_driven_Low_BMI,3,1.2016760779503841,Rikenellaceae
Alistipes 13,Bacteroidaceae_driven,2,-1.1843619469502948,Rikenellaceae
Alistipes 14,Lachnospiraceae-driven,3,-0.8582941645735771,Rikenellaceae
Alistipes 14,Ruminococcaceae_&_Christensenellaceae_driven_Low_BMI,2,0.7912285289423399,Rikenellaceae
AB239481_g 4,Ruminococcaceae_&_Christensenellaceae_driven_Low_BMI,4,1.1196125443236935,Christensenellaceae
AB239481_g 4,Bacteroidaceae_driven,3,-1.0967499844300144,Christensenellaceae
AB239481_g 4,Prevotella-driven_High_BMI,2,-0.8232942232927255,Christensenellaceae
Oscillibacter 15,Lachnospiraceae-driven,3,-1.27868808519641,Ruminococcaceae
Oscillibacter 15,Ruminococcaceae_&_Christensenellaceae_driven_Low_BMI,4,1.58092329571799,Ruminococcaceae
Oscillibacter 15,Bacteroidaceae_driven,2,-1.225002024523284,Ruminococcaceae
Oscillibacter 15,Prevotella-driven_High_BMI,2,-0.7466254374011786,Ruminococcaceae
Lachnospira 1,Lachnospiraceae-driven,2,0.43622594861384906,Lachnospiraceae
Pseudoflavonifractor 7,Ruminococcaceae_&_Christensenellaceae_driven_Low_BMI,2,0.41133578477424754,Ruminococcaceae
Pseudoflavonifractor 7,Bacteroidaceae_driven,2,-0.573934234568884,Ruminococcaceae
Lactobacillus 1,Ruminococcaceae_&_Christensenellaceae_driven_Low_BMI,3,-0.27101861357699547,Lactobacillaceae
Lactobacillus 1,Bacteroidaceae_driven,3,0.6185720381469426,Lactobacillaceae
Lactobacillus 1,Prevotella-driven_High_BMI,2,-0.30677086465219927,Lactobacillaceae
Bifidobacterium 3,Lachnospiraceae-driven,2,0.7965818765459184,Bifidobacteriaceae
Bifidobacterium 3,Prevotella-driven_High_BMI,3,-2.1222394776415747,Bifidobacteriaceae
Dorea 3,Ruminococcaceae_&_Christensenellaceae_driven_Low_BMI,3,-0.6048311559909479,Lachnospiraceae
Dorea 3,Prevotella-driven_High_BMI,2,-0.3644070712493933,Lachnospiraceae
Phascolarctobacterium 2,Bacteroidaceae_driven,2,-2.386294758436378,Acidaminococcaceae
Sporobacter 14,Ruminococcaceae_&_Christensenellaceae_driven_Low_BMI,4,0.6139912207814255,Ruminococcaceae
Sporobacter 14,Bacteroidaceae_driven,2,-0.7287455079573615,Ruminococcaceae
Sporobacter 14,Prevotella-driven_High_BMI,2,-0.5693813187667773,Ruminococcaceae
JN713389_g 8,Bacteroidaceae_driven,2,-1.1066572865013948,Ruminococcaceae
JN713389_g 8,Prevotella-driven_High_BMI,2,-0.40073411196136,Ruminococcaceae
Bacteroides 50,Lachnospiraceae-driven,2,-0.4508638534762145,Bacteroidaceae
Bacteroides 50,Bacteroidaceae_driven,2,0.5635131289280089,Bacteroidaceae
Bacteroides 50,Prevotella-driven_High_BMI,2,-0.4352216246329269,Bacteroidaceae
Sporobacter 13,Ruminococcaceae_&_Christensenellaceae_driven_Low_BMI,2,0.528336704950527,Ruminococcaceae
Sporobacter 13,Bacteroidaceae_driven,2,-0.6655895633742341,Ruminococcaceae
Sporobacter 13,Prevotella-driven_High_BMI,2,-0.5668620553553169,Ruminococcaceae
Parabacteroides 3,Lachnospiraceae-driven,2,-0.615005073914788,Porphyromonadaceae
Parabacteroides 3,Ruminococcaceae_&_Christensenellaceae_driven_Low_BMI,2,0.8260145513806982,Porphyromonadaceae
Parabacteroides 3,Prevotella-driven_High_BMI,2,-0.6251770571476473,Porphyromonadaceae
Bacteroides 8,Bacteroidaceae_driven,3,0.5648314891489999,Bacteroidaceae
Bacteroides 8,Prevotella-driven_High_BMI,2,-0.7905291200560038,Bacteroidaceae
Eubacterium_g4 2,Lachnospiraceae-driven,2,0.5672878467247807,Lachnospiraceae
Eubacterium_g4 2,Bacteroidaceae_driven,2,-0.4098846449215347,Lachnospiraceae
Eubacterium_g4 2,Prevotella-driven_High_BMI,2,-0.46599237902565116,Lachnospiraceae
HM124260_g 1,Ruminococcaceae_&_Christensenellaceae_driven_Low_BMI,2,0.7738257457988237,Christensenellaceae
HM124260_g 1,Bacteroidaceae_driven,2,-0.5658677951225114,Christensenellaceae
HM124260_g 1,Prevotella-driven_High_BMI,2,-0.5153006623725376,Christensenellaceae
Sutterella 1,Prevotella-driven_High_BMI,2,-0.5419388716973795,Sutterellaceae
Blautia 1,Ruminococcaceae_&_Christensenellaceae_driven_Low_BMI,4,-0.5296468264912353,Lachnospiraceae
Blautia 1,Bacteroidaceae_driven,4,0.5018442566684296,Lachnospiraceae
Bacteroides 12,Bacteroidaceae_driven,3,0.5458036092692183,Bacteroidaceae
Bacteroides 12,Prevotella-driven_High_BMI,2,-0.7858465559914767,Bacteroidaceae
AB239481_g 7,Lachnospiraceae-driven,3,-0.5632189966349563,Christensenellaceae
AB239481_g 7,Ruminococcaceae_&_Christensenellaceae_driven_Low_BMI,3,1.0503055438936335,Christensenellaceae
AB239481_g 7,Bacteroidaceae_driven,2,-0.9397719802104728,Christensenellaceae
AB239481_g 7,Prevotella-driven_High_BMI,2,-0.7758416594476358,Christensenellaceae
Pseudoflavonifractor 11,Lachnospiraceae-driven,3,-0.6707175555091088,Ruminococcaceae
Pseudoflavonifractor 11,Ruminococcaceae_&_Christensenellaceae_driven_Low_BMI,2,-0.5696636334797651,Ruminococcaceae
Pseudoflavonifractor 11,Bacteroidaceae_driven,4,0.7981782186820829,Ruminococcaceae
Pseudoflavonifractor 9,Bacteroidaceae_driven,2,-0.34912683643944376,Ruminococcaceae
Pseudoflavonifractor 9,Prevotella-driven_High_BMI,2,-0.7453508700364407,Ruminococcaceae
FJ848448_g 1,Lachnospiraceae-driven,3,-0.5531830267322898,Christensenellaceae
FJ848448_g 1,Ruminococcaceae_&_Christensenellaceae_driven_Low_BMI,4,1.7108996412920325,Christensenellaceae
Oscillibacter 17,Ruminococcaceae_&_Christensenellaceae_driven_Low_BMI,2,0.44041071706313006,Ruminococcaceae
Oscillibacter 17,Bacteroidaceae_driven,2,-0.919043060564752,Ruminococcaceae
Veillonella 3,Lachnospiraceae-driven,3,-0.6497226259475888,Veillonellaceae
AB009176_g 8,Lachnospiraceae-driven,3,-0.6194739489730136,Ruminococcaceae
AB009176_g 8,Ruminococcaceae_&_Christensenellaceae_driven_Low_BMI,4,1.1812678520622555,Ruminococcaceae
AB009176_g 8,Bacteroidaceae_driven,2,-0.9084983534311303,Ruminococcaceae
AB009176_g 8,Prevotella-driven_High_BMI,2,-0.6562107857862296,Ruminococcaceae
Marvinbryantia 1,Prevotella-driven_High_BMI,2,-0.3902504540141138,Lachnospiraceae
JPZU_g 1,Lachnospiraceae-driven,2,0.4574613649619399,Lachnospiraceae
JPZU_g 1,Prevotella-driven_High_BMI,2,-0.38197730738288943,Lachnospiraceae
Sellimonas 1,Ruminococcaceae_&_Christensenellaceae_driven_Low_BMI,2,-1.1570552925656403,Lachnospiraceae
Sellimonas 1,Bacteroidaceae_driven,4,0.8779001577273507,Lachnospiraceae
Alistipes 16,Lachnospiraceae-driven,3,-0.5986955786874376,Rikenellaceae
Alistipes 16,Ruminococcaceae_&_Christensenellaceae_driven_Low_BMI,3,0.9266526335441156,Rikenellaceae
Alistipes 16,Bacteroidaceae_driven,2,-0.44526865798118487,Rikenellaceae
Alistipes 16,Prevotella-driven_High_BMI,2,-0.4003302401005838,Rikenellaceae
DQ904798_g 1,Bacteroidaceae_driven,2,-0.5147502474845108,Lachnospiraceae
Pseudoflavonifractor 8,Prevotella-driven_High_BMI,2,-0.6150273756829724,Ruminococcaceae
Bacteroides 11,Bacteroidaceae_driven,3,0.35029798127067147,Bacteroidaceae
Bacteroides 11,Prevotella-driven_High_BMI,3,-0.691248045759809,Bacteroidaceae
Oscillibacter 18,Ruminococcaceae_&_Christensenellaceae_driven_Low_BMI,2,-0.34148284487227465,Ruminococcaceae
Oscillibacter 18,Bacteroidaceae_driven,3,0.4386503714401778,Ruminococcaceae
Oscillibacter 18,Prevotella-driven_High_BMI,3,-0.6419161114837304,Ruminococcaceae
Victivallis 2,Ruminococcaceae_&_Christensenellaceae_driven_Low_BMI,3,0.8014765270823445,Victivallaceae
Victivallis 2,Bacteroidaceae_driven,2,-0.4958969153358541,Victivallaceae
AB239481_g 8,Lachnospiraceae-driven,2,-0.33098489961279043,Christensenellaceae
AB239481_g 8,Ruminococcaceae_&_Christensenellaceae_driven_Low_BMI,4,0.7475908654558008,Christensenellaceae
Murimonas 4,Lachnospiraceae-driven,2,0.5738369081822916,Lachnospiraceae
Murimonas 4,Bacteroidaceae_driven,2,-1.1363954567818122,Lachnospiraceae
Eubacterium_g23 8,Lachnospiraceae-driven,3,-0.6939946855658956,Ruminococcaceae
Eubacterium_g23 8,Ruminococcaceae_&_Christensenellaceae_driven_Low_BMI,4,1.3060061162943908,Ruminococcaceae
Eubacterium_g23 8,Bacteroidaceae_driven,2,-1.0513539107270091,Ruminococcaceae
HM124260_g 2,Lachnospiraceae-driven,3,-0.4258315056627522,Christensenellaceae
HM124260_g 2,Ruminococcaceae_&_Christensenellaceae_driven_Low_BMI,2,0.8985731377583562,Christensenellaceae
HM124260_g 2,Bacteroidaceae_driven,2,-0.6542940495536522,Christensenellaceae
Clostridium_g24 1,Ruminococcaceae_&_Christensenellaceae_driven_Low_BMI,3,-0.5601519816842486,Lachnospiraceae
Clostridium_g24 1,Bacteroidaceae_driven,3,0.8015265909489971,Lachnospiraceae
Clostridium_g24 1,Prevotella-driven_High_BMI,2,-0.326611617308329,Lachnospiraceae
EU842486_g 1,Bacteroidaceae_driven,4,-0.8640327625686883,Lachnospiraceae
Turicibacter 1,Prevotella-driven_High_BMI,2,-1.079942893725943,Erysipelotrichaceae
Sporobacter 17,Prevotella-driven_High_BMI,2,-0.47438701567920005,Ruminococcaceae
Oscillibacter 19,Lachnospiraceae-driven,3,-0.3328919086455438,Ruminococcaceae
Oscillibacter 19,Bacteroidaceae_driven,4,0.9306948507971128,Ruminococcaceae
Pseudoflavonifractor 12,Ruminococcaceae_&_Christensenellaceae_driven_Low_BMI,2,0.3205165828701382,Ruminococcaceae
Pseudoflavonifractor 12,Bacteroidaceae_driven,2,-0.3190354615330657,Ruminococcaceae
AY442821_g 1,Lachnospiraceae-driven,3,-0.8913143819249185,Christensenellaceae
AY442821_g 1,Ruminococcaceae_&_Christensenellaceae_driven_Low_BMI,2,0.404022459008608,Christensenellaceae
Mogibacterium 1,Lachnospiraceae-driven,3,-1.0172937049913604,Mogibacterium_f
Coprococcus_g2 1,Bacteroidaceae_driven,2,0.08802821208854938,Lachnospiraceae
GU302849_g 1,Lachnospiraceae-driven,3,-0.6983712891024672,Christensenellaceae
GU302849_g 1,Ruminococcaceae_&_Christensenellaceae_driven_Low_BMI,4,1.307476826358726,Christensenellaceae
GU302849_g 1,Bacteroidaceae_driven,2,-1.2117041621130826,Christensenellaceae
GU302849_g 1,Prevotella-driven_High_BMI,2,-0.4364014748336413,Christensenellaceae
Howardella 1,Bacteroidaceae_driven,3,-0.89971110029485,Lachnospiraceae
KE159538_g 1,Bacteroidaceae_driven,2,-0.544576127642156,Lachnospiraceae
Bacteroides 10,Ruminococcaceae_&_Christensenellaceae_driven_Low_BMI,2,-0.9967042647804205,Bacteroidaceae
Bacteroides 10,Bacteroidaceae_driven,2,-1.0812595368816162,Bacteroidaceae
Bacteroides 10,Prevotella-driven_High_BMI,2,0.4494066502450206,Bacteroidaceae
HM124260_g 3,Lachnospiraceae-driven,3,-0.8314539382309908,Christensenellaceae
HM124260_g 3,Ruminococcaceae_&_Christensenellaceae_driven_Low_BMI,2,0.8972915991101026,Christensenellaceae
HM124260_g 3,Bacteroidaceae_driven,2,-0.820594056203261,Christensenellaceae
AM277063_g 2,Lachnospiraceae-driven,2,0.8204469267046112,Coriobacteriaceae
AM277063_g 2,Ruminococcaceae_&_Christensenellaceae_driven_Low_BMI,2,-0.24705538129863033,Coriobacteriaceae
AM277063_g 2,Bacteroidaceae_driven,2,-0.5191000039166875,Coriobacteriaceae
AM277063_g 2,Prevotella-driven_High_BMI,2,-0.33196490368411047,Coriobacteriaceae
AM500802_g 1,Ruminococcaceae_&_Christensenellaceae_driven_Low_BMI,2,0.49466821058803684,Mogibacterium_f
AM500802_g 1,Bacteroidaceae_driven,2,-0.34718942816679366,Mogibacterium_f
AM500802_g 1,Prevotella-driven_High_BMI,2,-0.48621700666216344,Mogibacterium_f
Akkermansia 1,Lachnospiraceae-driven,2,-0.9260514999641503,Akkermansiaceae
Akkermansia 1,Ruminococcaceae_&_Christensenellaceae_driven_Low_BMI,4,1.0689838675386014,Akkermansiaceae
Akkermansia 1,Prevotella-driven_High_BMI,2,-0.9712702224587754,Akkermansiaceae
Oscillibacter 2,Ruminococcaceae_&_Christensenellaceae_driven_Low_BMI,3,0.7807774912324013,Ruminococcaceae
Oscillibacter 2,Bacteroidaceae_driven,2,-0.6839276796950619,Ruminococcaceae
Eubacterium_g4 3,Bacteroidaceae_driven,2,-0.2749855969732746,Lachnospiraceae
Coprococcus_g1 2,Bacteroidaceae_driven,2,0.1986538547574935,Lachnospiraceae
EU842423_g 2,Bacteroidaceae_driven,2,-1.0919815876653072,Lachnospiraceae
EU842423_g 2,Prevotella-driven_High_BMI,2,-0.4504561851987495,Lachnospiraceae
Hydrogenoanaerobacterium 1,Bacteroidaceae_driven,2,0.15952333443241262,Ruminococcaceae
Hydrogenoanaerobacterium 1,Prevotella-driven_High_BMI,2,-0.6703830685794249,Ruminococcaceae
Sporobacter 2,Lachnospiraceae-driven,2,-0.5501796495290123,Ruminococcaceae
Sporobacter 2,Ruminococcaceae_&_Christensenellaceae_driven_Low_BMI,3,1.024161117936996,Ruminococcaceae
Sporobacter 2,Bacteroidaceae_driven,2,-0.5704427405181292,Ruminococcaceae
Sporobacter 2,Prevotella-driven_High_BMI,2,-0.6822207328008472,Ruminococcaceae
Caproiciproducens 5,Lachnospiraceae-driven,3,-1.1963598430323679,Ruminococcaceae
Caproiciproducens 5,Bacteroidaceae_driven,4,0.8414140507805382,Ruminococcaceae
Oscillibacter 21,Lachnospiraceae-driven,2,0.6144939881221736,Ruminococcaceae
Oscillibacter 21,Ruminococcaceae_&_Christensenellaceae_driven_Low_BMI,2,-0.5847640518158486,Ruminococcaceae
Oscillibacter 21,Bacteroidaceae_driven,2,-0.5151023659358738,Ruminococcaceae
Oscillibacter 21,Prevotella-driven_High_BMI,2,-0.6415022722065039,Ruminococcaceae
Pseudoflavonifractor 13,Lachnospiraceae-driven,3,-0.6806317160206309,Ruminococcaceae
Pseudoflavonifractor 13,Ruminococcaceae_&_Christensenellaceae_driven_Low_BMI,2,0.296917612951872,Ruminococcaceae
Pseudoflavonifractor 13,Bacteroidaceae_driven,3,0.28968031885365014,Ruminococcaceae
Pseudoflavonifractor 13,Prevotella-driven_High_BMI,2,-0.37703851266460336,Ruminococcaceae
EU381776_g 1,Prevotella-driven_High_BMI,2,-0.33437848852387414,Mogibacterium_f
Oscillibacter 3,Lachnospiraceae-driven,2,-0.7279180264857573,Ruminococcaceae
Oscillibacter 3,Ruminococcaceae_&_Christensenellaceae_driven_Low_BMI,4,1.1697300120790726,Ruminococcaceae
Oscillibacter 3,Bacteroidaceae_driven,4,-1.3024914105043142,Ruminococcaceae
Oscillibacter 3,Prevotella-driven_High_BMI,2,-0.519471893937866,Ruminococcaceae
Clostridium_g23 1,Ruminococcaceae_&_Christensenellaceae_driven_Low_BMI,4,-0.9816096671939265,Lachnospiraceae
Clostridium_g23 1,Bacteroidaceae_driven,4,0.9759062356046045,Lachnospiraceae
Clostridium_g23 1,Prevotella-driven_High_BMI,2,-0.39545877303778937,Lachnospiraceae
AB239481_g 10,Lachnospiraceae-driven,3,-0.7282326307855419,Christensenellaceae
AB239481_g 10,Ruminococcaceae_&_Christensenellaceae_driven_Low_BMI,4,1.35062980778855,Christensenellaceae
EF400272_g 1,Lachnospiraceae-driven,3,-1.0087500155204168,Ruminococcaceae
EF400272_g 1,Ruminococcaceae_&_Christensenellaceae_driven_Low_BMI,2,0.7280063578522397,Ruminococcaceae
EF400272_g 1,Bacteroidaceae_driven,2,0.24300777851576494,Ruminococcaceae
EF400272_g 1,Prevotella-driven_High_BMI,2,-0.4247784216439665,Ruminococcaceae
Oscillibacter 22,Lachnospiraceae-driven,3,-0.5718019717558539,Ruminococcaceae
Oscillibacter 22,Bacteroidaceae_driven,4,0.7891569373379873,Ruminococcaceae
AB009176_g 16,Lachnospiraceae-driven,3,-0.5351097017578743,Ruminococcaceae
AB009176_g 16,Ruminococcaceae_&_Christensenellaceae_driven_Low_BMI,4,0.8919900650415094,Ruminococcaceae
AB009176_g 16,Bacteroidaceae_driven,2,-0.803059578507004,Ruminococcaceae
AB009176_g 16,Prevotella-driven_High_BMI,2,-0.4963474563825292,Ruminococcaceae
Butyricimonas 5,Ruminococcaceae_&_Christensenellaceae_driven_Low_BMI,2,0.5415509278836352,Odoribacteraceae
Butyricimonas 5,Bacteroidaceae_driven,2,-0.3319377784216695,Odoribacteraceae
Butyricimonas 5,Prevotella-driven_High_BMI,2,-0.7285208924187486,Odoribacteraceae
Slackia 1,Lachnospiraceae-driven,2,0.46754960044450194,Coriobacteriaceae
Slackia 1,Bacteroidaceae_driven,2,-0.4012211560222669,Coriobacteriaceae
Slackia 1,Prevotella-driven_High_BMI,2,-0.32589477645556936,Coriobacteriaceae
Coprobacter 4,Bacteroidaceae_driven,2,0.38320145098186154,Porphyromonadaceae
Coprobacter 4,Prevotella-driven_High_BMI,2,-0.5170030513754298,Porphyromonadaceae
AY442821_g 2,Lachnospiraceae-driven,2,-0.2672606552155823,Christensenellaceae
AY442821_g 2,Ruminococcaceae_&_Christensenellaceae_driven_Low_BMI,3,1.0269041050414007,Christensenellaceae
HM124260_g 4,Ruminococcaceae_&_Christensenellaceae_driven_Low_BMI,2,0.5156348160789079,Christensenellaceae
HM124260_g 4,Bacteroidaceae_driven,2,-0.46513591087947626,Christensenellaceae
Eubacterium_g5 1,Ruminococcaceae_&_Christensenellaceae_driven_Low_BMI,3,-0.3448099071397227,Lachnospiraceae
Acidaminococcus 1,Ruminococcaceae_&_Christensenellaceae_driven_Low_BMI,3,-2.2250928725081214,Acidaminococcaceae
Acidaminococcus 1,Bacteroidaceae_driven,3,0.5746173737381163,Acidaminococcaceae
Lachnospiraceae 9,Lachnospiraceae-driven,2,0.761811005021979,Lachnospiraceae
Lachnospiraceae 9,Ruminococcaceae_&_Christensenellaceae_driven_Low_BMI,2,-0.5917693251156548,Lachnospiraceae
Lachnospiraceae 9,Bacteroidaceae_driven,2,-0.8710886446198102,Lachnospiraceae
Lachnospiraceae 9,Prevotella-driven_High_BMI,2,-0.4024777212260931,Lachnospiraceae
Lachnospiraceae 7,Lachnospiraceae-driven,2,0.675554086036226,Lachnospiraceae
Lachnospiraceae 7,Ruminococcaceae_&_Christensenellaceae_driven_Low_BMI,3,-0.7315388573020537,Lachnospiraceae
Lachnospiraceae 7,Bacteroidaceae_driven,2,-0.6735570845073026,Lachnospiraceae
Clostridium 2,Ruminococcaceae_&_Christensenellaceae_driven_Low_BMI,2,0.4564241998477337,Clostridiaceae
Clostridium 2,Bacteroidaceae_driven,3,-1.042080130460351,Clostridiaceae
Pseudoflavonifractor 15,Prevotella-driven_High_BMI,2,-0.45522129438321907,Ruminococcaceae
EU844456_g 1,Ruminococcaceae_&_Christensenellaceae_driven_Low_BMI,4,0.676871432468039,Mogibacterium_f
EU844456_g 1,Bacteroidaceae_driven,2,-0.6939228939683728,Mogibacterium_f
EU844456_g 1,Prevotella-driven_High_BMI,2,-0.3965138900229867,Mogibacterium_f
Faecalibacterium 4,Lachnospiraceae-driven,4,0.6196968304101527,Ruminococcaceae
Faecalibacterium 4,Bacteroidaceae_driven,4,-1.0432683446533033,Ruminococcaceae
Sporobacter 20,Ruminococcaceae_&_Christensenellaceae_driven_Low_BMI,3,0.6777772312757953,Ruminococcaceae
Sporobacter 20,Bacteroidaceae_driven,2,-0.6484143894529776,Ruminococcaceae
Sporobacter 20,Prevotella-driven_High_BMI,2,-0.4837489967516252,Ruminococcaceae
Bacteroides 2,Ruminococcaceae_&_Christensenellaceae_driven_Low_BMI,2,-0.653647348608095,Bacteroidaceae
Bacteroides 2,Bacteroidaceae_driven,3,0.764932667327838,Bacteroidaceae
Bacteroides 2,Prevotella-driven_High_BMI,2,-0.8105111253215019,Bacteroidaceae
HM124151_g 2,Bacteroidaceae_driven,2,-0.7712060753615477,Christensenellaceae
Parabacteroides 4,Ruminococcaceae_&_Christensenellaceae_driven_Low_BMI,3,-0.4452335304189885,Porphyromonadaceae
Parabacteroides 4,Bacteroidaceae_driven,4,0.45026232902637636,Porphyromonadaceae
Parabacteroides 4,Prevotella-driven_High_BMI,2,-0.3712878656648582,Porphyromonadaceae
Blautia 19,Ruminococcaceae_&_Christensenellaceae_driven_Low_BMI,3,-0.8566676246578436,Lachnospiraceae
Blautia 19,Bacteroidaceae_driven,4,0.8448964284421857,Lachnospiraceae
Blautia 19,Prevotella-driven_High_BMI,2,-0.4834616130543079,Lachnospiraceae
Streptococcus 1,Ruminococcaceae_&_Christensenellaceae_driven_Low_BMI,2,-0.6421802695691068,Streptococcaceae
Streptococcus 1,Prevotella-driven_High_BMI,2,-0.5011631045205237,Streptococcaceae
Bacteroides 62,Lachnospiraceae-driven,3,-0.8800522419586312,Bacteroidaceae
Bacteroides 62,Bacteroidaceae_driven,2,-0.6944242814672064,Bacteroidaceae
Bacteroides 62,Prevotella-driven_High_BMI,4,0.7272810439273971,Bacteroidaceae
HQ452860_g 1,Lachnospiraceae-driven,3,-0.5307310338679411,Erysipelotrichaceae
HQ452860_g 1,Ruminococcaceae_&_Christensenellaceae_driven_Low_BMI,4,1.0054051437480345,Erysipelotrichaceae
HQ452860_g 1,Bacteroidaceae_driven,2,-0.7385464000337201,Erysipelotrichaceae
HQ452860_g 1,Prevotella-driven_High_BMI,2,-0.616659661331255,Erysipelotrichaceae
Dialister 9,Lachnospiraceae-driven,2,-0.2663524453964333,Veillonellaceae
Dialister 9,Bacteroidaceae_driven,2,-0.4436482204644098,Veillonellaceae
HM124260_g 6,Ruminococcaceae_&_Christensenellaceae_driven_Low_BMI,2,0.3494672617438298,Christensenellaceae
HM124260_g 6,Bacteroidaceae_driven,2,-0.6654243254930458,Christensenellaceae
Ruminococcus_g2 2,Prevotella-driven_High_BMI,2,-1.6935099035852412,Ruminococcaceae
Eisenbergiella 1,Lachnospiraceae-driven,2,0.49016950918792884,Lachnospiraceae
Sutterella 2,Lachnospiraceae-driven,2,0.7807492517815744,Sutterellaceae
Sutterella 2,Ruminococcaceae_&_Christensenellaceae_driven_Low_BMI,2,-1.631083640876538,Sutterellaceae
Clostridium_g24 2,Ruminococcaceae_&_Christensenellaceae_driven_Low_BMI,2,-0.36034295898925633,Lachnospiraceae
Clostridium_g24 2,Bacteroidaceae_driven,3,0.4639562969194547,Lachnospiraceae
Clostridium_g24 2,Prevotella-driven_High_BMI,2,-0.3947255059597017,Lachnospiraceae
EU622770_g 1,Lachnospiraceae-driven,2,-0.2688884545275946,Peptococcaceae
EU622770_g 1,Bacteroidaceae_driven,2,-0.16355599492876935,Peptococcaceae
Oscillibacter 4,Lachnospiraceae-driven,4,-0.7311763577553625,Ruminococcaceae
Oscillibacter 4,Ruminococcaceae_&_Christensenellaceae_driven_Low_BMI,4,1.1262898567867081,Ruminococcaceae
Oscillibacter 4,Bacteroidaceae_driven,2,-0.4617017314218885,Ruminococcaceae
Oscillibacter 4,Prevotella-driven_High_BMI,2,-1.0794693062314757,Ruminococcaceae
AB009176_g 20,Lachnospiraceae-driven,2,-0.36906942677383964,Ruminococcaceae
AB009176_g 20,Ruminococcaceae_&_Christensenellaceae_driven_Low_BMI,3,0.897839549657087,Ruminococcaceae
AB009176_g 20,Bacteroidaceae_driven,2,-0.6550627381688594,Ruminococcaceae
AB009176_g 19,Lachnospiraceae-driven,3,-0.37588896910970976,Ruminococcaceae
AB009176_g 19,Ruminococcaceae_&_Christensenellaceae_driven_Low_BMI,4,1.214566967323591,Ruminococcaceae
JN713389_g 16,Ruminococcaceae_&_Christensenellaceae_driven_Low_BMI,2,-0.4013955964935996,Ruminococcaceae
JN713389_g 16,Bacteroidaceae_driven,2,0.226606430338864,Ruminococcaceae
JN713389_g 16,Prevotella-driven_High_BMI,2,-0.38353476980782925,Ruminococcaceae
Agathobacter 1,Ruminococcaceae_&_Christensenellaceae_driven_Low_BMI,3,-0.5507653070505855,Lachnospiraceae
Agathobacter 1,Bacteroidaceae_driven,2,0.3586552241819159,Lachnospiraceae
Alistipes 2,Prevotella-driven_High_BMI,3,-0.8979462844763642,Rikenellaceae
Lachnospiraceae 16,Lachnospiraceae-driven,3,-0.31536568798730874,Lachnospiraceae
Lachnospiraceae 16,Ruminococcaceae_&_Christensenellaceae_driven_Low_BMI,3,-0.6104542918180311,Lachnospiraceae
Lachnospiraceae 16,Bacteroidaceae_driven,3,0.5905876267238755,Lachnospiraceae
Lachnospiraceae 16,Prevotella-driven_High_BMI,2,-0.48307065514904973,Lachnospiraceae
AB009176_g 22,Lachnospiraceae-driven,3,-0.5337615030354284,Ruminococcaceae
AB009176_g 22,Ruminococcaceae_&_Christensenellaceae_driven_Low_BMI,2,0.7703553736054388,Ruminococcaceae
Ruminococcus_g4 1,Ruminococcaceae_&_Christensenellaceae_driven_Low_BMI,2,-0.42332272753176314,Lachnospiraceae
Collinsella 1,Bacteroidaceae_driven,2,0.4556702521043706,Coriobacteriaceae
Collinsella 1,Prevotella-driven_High_BMI,2,-0.6365023815039854,Coriobacteriaceae
GU302849_g 3,Lachnospiraceae-driven,3,-0.4517887345749082,Christensenellaceae
GU302849_g 3,Ruminococcaceae_&_Christensenellaceae_driven_Low_BMI,3,0.8359268601401136,Christensenellaceae
GU302849_g 3,Bacteroidaceae_driven,2,-0.38424177800790815,Christensenellaceae
EF602946_g 1,Lachnospiraceae-driven,2,-0.11846339798834352,Ruminococcaceae
EF602946_g 1,Ruminococcaceae_&_Christensenellaceae_driven_Low_BMI,2,0.42338879254943634,Ruminococcaceae
AB606260_g 1,Lachnospiraceae-driven,4,-0.7814291368972089,Hydrogenispora_f
AB606260_g 1,Ruminococcaceae_&_Christensenellaceae_driven_Low_BMI,4,1.057798088441188,Hydrogenispora_f
AB606260_g 1,Bacteroidaceae_driven,2,-0.4451335344309218,Hydrogenispora_f
HM124260_g 8,Bacteroidaceae_driven,2,-0.34207429792741784,Christensenellaceae
EF401862_g 1,Lachnospiraceae-driven,3,-0.30892229696142653,Christensenellaceae
EF401862_g 1,Ruminococcaceae_&_Christensenellaceae_driven_Low_BMI,2,0.26967013781953797,Christensenellaceae
EF402988_g 1,Lachnospiraceae-driven,2,-0.2374317331239107,Lachnospiraceae
EF402988_g 1,Ruminococcaceae_&_Christensenellaceae_driven_Low_BMI,3,-0.4362119556688223,Lachnospiraceae
EF402988_g 1,Bacteroidaceae_driven,4,0.8054959991020398,Lachnospiraceae
Bacteroides 14,Bacteroidaceae_driven,2,-0.5695600580559823,Bacteroidaceae
Bacteroides 14,Prevotella-driven_High_BMI,2,-1.3829583854289658,Bacteroidaceae
GU302849_g 4,Ruminococcaceae_&_Christensenellaceae_driven_Low_BMI,3,0.5321538587253984,Christensenellaceae
GU302849_g 4,Bacteroidaceae_driven,2,-0.5668416218001432,Christensenellaceae
GU302849_g 4,Prevotella-driven_High_BMI,2,-0.3989428714011957,Christensenellaceae
EF404788_g 2,Lachnospiraceae-driven,3,-0.6800780962920793,Ruminococcaceae
EF404788_g 2,Ruminococcaceae_&_Christensenellaceae_driven_Low_BMI,2,0.5730950442299875,Ruminococcaceae
Bacteroides 13,Prevotella-driven_High_BMI,3,-1.701575672876989,Bacteroidaceae
Prevotella 3,Lachnospiraceae-driven,2,0.7061813743049298,Prevotellaceae
Prevotella 3,Prevotella-driven_High_BMI,2,-2.505828094819656,Prevotellaceae
LARJ_g 1,Prevotella-driven_High_BMI,2,-1.858579614480582,Rhodospirillaceae
Pseudoflavonifractor 20,Lachnospiraceae-driven,3,-0.40007376737687467,Ruminococcaceae
Pseudoflavonifractor 20,Ruminococcaceae_&_Christensenellaceae_driven_Low_BMI,2,0.3637200034199481,Ruminococcaceae
Ruminococcus_g4 2,Lachnospiraceae-driven,3,0.6551306454139947,Lachnospiraceae
Dorea 2,Lachnospiraceae-driven,2,0.27039525763561034,Lachnospiraceae
Dorea 2,Ruminococcaceae_&_Christensenellaceae_driven_Low_BMI,3,-0.41891232878085927,Lachnospiraceae
Ruminococcus_g4 3,Ruminococcaceae_&_Christensenellaceae_driven_Low_BMI,2,-0.710028690470095,Lachnospiraceae
Ruminococcus_g4 3,Bacteroidaceae_driven,3,0.4846594793258171,Lachnospiraceae
Bacteroides 17,Ruminococcaceae_&_Christensenellaceae_driven_Low_BMI,2,-1.2174593082538598,Bacteroidaceae
Bacteroides 17,Bacteroidaceae_driven,4,1.162199094773101,Bacteroidaceae
Bacteroides 17,Prevotella-driven_High_BMI,2,-1.235861799715957,Bacteroidaceae
Caproiciproducens 6,Lachnospiraceae-driven,3,-0.4601160160907028,Ruminococcaceae
Caproiciproducens 6,Ruminococcaceae_&_Christensenellaceae_driven_Low_BMI,2,0.38856468898870167,Ruminococcaceae
Bacteroides 15,Prevotella-driven_High_BMI,2,-1.1935314421059429,Bacteroidaceae
EF400272_g 2,Lachnospiraceae-driven,2,-0.18242960704954578,Ruminococcaceae
EF400272_g 2,Bacteroidaceae_driven,3,0.25830148086327276,Ruminococcaceae
Clostridium_g6 1,Lachnospiraceae-driven,2,0.35600609417807194,Erysipelotrichaceae
Clostridium_g6 1,Ruminococcaceae_&_Christensenellaceae_driven_Low_BMI,4,-0.5118371908695648,Erysipelotrichaceae
EF602946_g 2,Lachnospiraceae-driven,3,-0.27221531181807407,Ruminococcaceae
EF602946_g 2,Bacteroidaceae_driven,2,0.19831587605166523,Ruminococcaceae
Eubacterium_g23 1,Lachnospiraceae-driven,2,-0.7439947572259872,Ruminococcaceae
Bacteroides 18,Bacteroidaceae_driven,3,0.7292039538610154,Bacteroidaceae
Bacteroides 18,Prevotella-driven_High_BMI,2,-0.8858734191376506,Bacteroidaceae
Eggerthella 1,Ruminococcaceae_&_Christensenellaceae_driven_Low_BMI,3,-0.7415949202538729,Coriobacteriaceae
Eggerthella 1,Bacteroidaceae_driven,4,0.7070197562855921,Coriobacteriaceae
Lachnospiraceae 20,Lachnospiraceae-driven,2,0.5029922986345478,Lachnospiraceae
Lachnospiraceae 20,Ruminococcaceae_&_Christensenellaceae_driven_Low_BMI,3,-0.34720749238143644,Lachnospiraceae
